# titre;groupes;users;steps;videos;comment;Musique
A A;;;;https://www.youtube.com/watch?v=wzjnQ9VklyI;
A Beautiful Girl;dr;pc;;https://www.youtube.com/watch?v=gHmlaT2NX7M;(ntnr)
A Little Bit Louder;;;A_Little_Bit_Louder.pdf;https://www.youtube.com/watch?v=5GVpQmkvEZM&list=RD5GVpQmkvEZM&start_radio=1;(ntnr)
AB Alright, Already;;;;https://www.youtube.com/watch?v=q4L5UXlPb7E;
AB Wild Heart;;pc;AB_Wild_Hearts.pdf;https://www.youtube.com/watch?v=mvZtpONmoHA;(ntnr)
A Country High;a;p;A%20Country%20High.pdf;https://www.youtube.com/watch?v=BsWeUZ8BJKA;(ntnr), départ step pied gauche
Ah si!;dm;pc;;https://www.youtube.com/watch?v=v9qjSiGmMqI;;Levantando Los Manos
Agua Y Fuego;m;cp;Agua%20Y%20Fuego.pdf;https://www.youtube.com/watch?v=19qCbfGLuF8;;Agua Y Fuego
Amarillo by morning;;p;Amarillo_By_Morning.pdf;https://www.youtube.com/watch?v=ZFye-eBwC_s&t=220s|https://www.youtube.com/watch?v=3dJBnUX7BLc;(t2, t4, r5 après 16 count, pause 4 temps après 16c du wall 8);Amarillo By Morning
Angel And Corona;;;;https://www.youtube.com/watch?v=cv-m0LHb0ag;
Angelina;;cp;Angelina.pdf;https://www.youtube.com/watch?v=C2apVmgXQGk;
Alaska Dream;;pc;;https://www.youtube.com/watch?v=i61o_c_MZqs&t=141s;(r7 après 16 comptes);Blue Wing
Alive Again;a;p;Alive_Again.pdf;https://www.youtube.com/watch?v=5GW2P5t876w;(r3, r6);Indie Folk Mix - UNSECRET & Chuck Adams
All The Way Up;;;;https://www.youtube.com/watch?v=WYtq2jiQru4;
All Shook Up;;p;;https://www.youtube.com/watch?v=mbBB4vn88Mc;(A AB AB)
All Together;;pc;All_Together.pdf;https://www.youtube.com/watch?v=EYlCpOmQs3U;(ntnr)
Arizona Freeze;;cp;;https://www.youtube.com/watch?v=8bjckD68bQw;
Avicii;;cp;;https://www.youtube.com/watch?v=yVjjuOqMQIw;
Back On Monday;i;cp;Back%20On%20Monday.pdf;https://www.youtube.com/watch?v=YPr99_0NYCA&t=0s;(ntnr)
Back To The Start;mr;pc;Back_To_The_Start.pdf;https://www.youtube.com/watch?v=GR25zC4WePo;(r5 face à 3h);Back To The Start
Bad Fiddling;a;p;Bad%20Fiddling.pdf;https://www.youtube.com/watch?v=8RbvyKrxt6k;(AAB AAAAAA a AAB AA)
Bad habits;;p;Bad%20Habits.pdf;https://www.youtube.com/watch?fbclid=IwAR0Qf5eDNI8bFd1-IwjxI1fbfxtk5tMDcRrQBMh5PrJOOXa3edX9dORiZAY&v=Oo-ubb0Pb4M&feature=youtu.be;(tr3)
Bang Bang;;cp;Bang%20Bang.pdf;https://www.youtube.com/watch?v=z9PC6d7LIp4;(t10)
Bam Bam;i;cp;Bam%20Bam.pdf;https://www.youtube.com/watch?v=p_Gk3HVuG-I;(ntnr)
Before You Love Me;;c;Before%20You%20Love%20Me.pdf;https://www.youtube.com/watch?v=qdqxmfI4L3E;
Big City Summertime;a;p;Big%20City%20Summertime.pdf;https://www.youtube.com/watch?v=tLRiM9Tmz7U;(ntnr) départ vine droite, touch, rocking chair
Bill's basic;d;c;Bills%20Basic.pdf;https://www.youtube.com/watch?v=gkLBnBS2evU;
Bonaparte's Retreat;;cp;Bonaparte's%20Retreat.pdf;https://www.youtube.com/watch?v=QnVUmosdUgk;(r4)
Born To Love You;r;p;Born_To_Love_You.pdf;https://www.youtube.com/watch?v=cNCNBZABdms&t=215s;(ntnr);Born To Love You
Bud Light Blue;;;Bud_Light_BLue.pdf;https://www.youtube.com/watch?v=BvgkfSaDRWM;(r2, r4 t6 => jazz box touch);Bud Light Blue
Burn Me Down;;;;https://www.youtube.com/watch?v=bU-KbdA67dU;
Burning Love;;cp;Burning%20Love.pdf;https://www.youtube.com/watch?v=B3t657PxJE8;
Bush Party;a;p;Bush_Party.pdf;https://www.youtube.com/watch?v=zc8uRbJxrfo;(r3 après section 3, r8 après section 2)
Call on me brother;ar;p;Call_On_Me_Brother.pdf;https://www.youtube.com/watch?v=5pJdVzaCS_A|https://www.youtube.com/watch?v=jpM4tjDpLDI;(r2, r5 et r7)
Cabeza;;p;Cabeza.pdf;https://www.youtube.com/watch?v=Tu5FzfyoWaU&t=65s;(ntnr);Andas En Mi Cabeza
Celtic Autumn;;cp;Celtic%20Autumn.pdf;https://www.youtube.com/watch?v=n5pOO_Dl1DM;
Celtic Connexion;m;p;Celtic_Connection.pdf;https://www.youtube.com/watch?v=H9JD2sa97DM;(ntnr);Rock On
Celtic Duo;;p;;https://www.youtube.com/watch?v=XzEY7zfJjLI;(r4)
Celtic Eagles;;;Celtic%20Eagles.pdf;https://www.youtube.com/watch?v=YWv2fWtw-IQ&t=476s;(AAAA–BBBB-C–AAAA)
Celtic Heartbeat;;;;https://www.youtube.com/watch?v=I9K7XnBQ6W4ù;
Celtic Kittens;m;p;Celtic%20Kittens.pdf;https://www.youtube.com/watch?v=MRTMID6KKRg&t=35s;(t6)
Celtic Slide;;p;;https://www.youtube.com/watch?v=c4VaUqgJqgo;(ntnr)
Chasing Down A Good Time;;;Chasing_Down_A_Good_Time.pdf;https://www.youtube.com/watch?v=O4En40t7wbw;(r3);Chasing Down A Good Time
Cheyenne;;cp;;https://www.youtube.com/watch?v=Vuxg3jp5hC4;
Choka Choka;;;Choka%20Choka.pdf;https://www.youtube.com/watch?v=ewRR4bwCcd8;
Chop Chop;i;pc;;https://www.youtube.com/watch?v=MKkW575i6qQ&t=3s|https://www.youtube.com/watch?v=MKkW575i6qQ;en contra (ntnr);Chop
City Of Music;ar;p;City%20Of%20Music.pdf;https://www.youtube.com/watch?v=HhnpCwDZgSY;(t1t2T3T7T7);City Of Music
Classic;;;Classic.pdf;https://www.youtube.com/watch?v=pXzUv-T5RgE;(r2, r5, r7);Classic - Cam
Clear Isabel;;pc;Clear_Isabel.pdf;https://www.youtube.com/watch?v=wxZDSyGgPv4;(r5)
Cold Heart;;p;Cold%20Heart.pdf;https://www.youtube.com/watch?v=XuyOwyNzMuE&t=207s;(ntnr)
Colors;;p;Colors.pdf;https://www.youtube.com/watch?v=IAz2TuQCULA;(ntnr)
Come And Get Your Love;;cp;Come%20And%20Get%20Your%20Love.pdf;https://www.youtube.com/watch?v=0CZFS_iLqek;
Come Back My Love;d;pc;;https://www.youtube.com/watch?v=EP27WhYZWcA;(r7 après 16 comptes)
Come In;;;;https://www.youtube.com/watch?v=oJulAcp6Qpo&t=39s;
Corn;;cp;Corn.pdf;https://www.youtube.com/watch?v=EzYvB0_JmTw&t=190s;(r4) départ step pied droit
Cotton Eyed Joe;;;;https://www.youtube.com/watch?v=q0MyqCBEIxE;en partner
Country Boy Lovin;;cp;;https://www.youtube.com/watch?v=2emr4w-VQPM;(ntnr)
Country Girl Shake;;pc;Country_Girl_Shake.pdf;https://www.youtube.com/watch?v=rkPJY0cVQpQ|https://www.youtube.com/watch?v=wwg_O0nu2kc;(ntnr)
Country In 3;a;p;Country%20In%203.pdf;https://www.youtube.com/watch?v=3mf2pUQUBwk;(ntnr)
Country Touch;nr;cp;Country_Touch.pdf;https://www.youtube.com/watch?v=AhEo2j18mt4;(r3,r8);Country Boys - James Johnston
Country Walking;i;cp;Country%20Walking.pdf;https://www.youtube.com/watch?v=Mz8BG-CsOSk;
Cowboy Charleston;;cp;Cowboy%20Charleston.pdf;https://www.youtube.com/watch?v=C9LCqZbDM-E&t=60s;(ntnr);Mama Take Me Home
Cowboys Don't Cry;;cp;Cowboys%20Don't%20Cry.pdf;https://www.youtube.com/watch?v=8j2Ro1KVFGw;(r5)
Cowboy Madison;d;pc;;https://www.youtube.com/watch?v=uETTR5NIfVQ|https://www.youtube.com/watch?v=RFwSqf3I1OQ;(ntnr);
Cowgirls;;p;;https://www.youtube.com/watch?v=CofKBLWu_zI;
Crazy S;a;p;Crazy_S.pdf;https://www.youtube.com/watch?v=nuV7KoFYyo0;(r3)
Crazy Song;r;pc;Crazy%20Song.pdf;https://www.youtube.com/watch?v=gls3YV_rv0o;(r5)
Cross Country;ir;pc;Cross_Country.pdf;https://www.youtube.com/watch?v=gEipJFdhmk0;(ntnr);Berland feat. Mickey Guyton
Crystal Touch;;c;Crystal%20Touch.pdf;https://www.youtube.com/watch?v=ovFrCDbaxAo|https://www.youtube.com/watch?v=c7viMzZvnYM;
Cut A Rug;;cp;;https://www.youtube.com/watch?v=ESLjbqM8LSw|https://www.youtube.com/watch?v=rb81wRunG7o;
Cyber Drop;;;Cyber_Drop.pdf;https://www.youtube.com/watch?v=7N5f9R1ZY0s;(ntnr);Drop It to the Floor (feat. Nuz Ngatai)
Damn;;p;;https://www.youtube.com/watch?v=wmFQsj-jilo;(r3r6)
Damn EZ;;;;https://www.youtube.com/watch?v=KIg3evLDd14;
Dance Monkey;;cp;Dance%20Monkey.pdf;https://www.youtube.com/watch?v=fJF7vZvGIdI;
Dance Without A Partner;i;cp;Dance_Without_A_Partner.pdf;https://www.youtube.com/watch?v=7jfqSQHp4M4;départ SIDE RIGHT, LEFT SAILOR HEEL, HOLD
Dancin' Violins;;cp;Dancing%20Violins.pdf;https://www.youtube.com/watch?v=TCaikSkieIU;
Day Of The Dead;r;p;;https://www.youtube.com/watch?v=UCAM6wobFNM;(r6)
Daytona Sand;;;Daytona_Sand.pdf;https://www.youtube.com/watch?v=3XR1rTJzmv4|https://www.youtube.com/watch?v=vNaciB8jDl8;(t1, t2);"Daytona Sand" de Orville PECK
Desert Wind;;;Desert%20Wind.pdf;https://www.youtube.com/watch?v=9oGpduOwOks;
Desirable;;cp;Desirable.pdf;https://www.youtube.com/watch?v=zVpsf2Pb8qw;(r3,7)
Dim The Lights;ar;p;Dim_The_Lights.pdf;https://www.youtube.com/watch?v=hrIKwkb_gwo|https://www.youtube.com/watch?v=7IvvbOktcyc;(r3)
Dig Your Heels;;p;;https://www.youtube.com/watch?v=zDM67U7bqeE&list=PLyEOrXN4p89Ry1hEl0gaDTP_wYWcjnLKn&index=3&t=359s;
Ding Dang Darn It;;pc;Ding%20Dang%20Darn%20It.pdf;https://www.youtube.com/watch?v=QH20Ne1eq_M&list=PLyEOrXN4p89TQj6chNGK9A8v-_gwfalRv&index=18&t=0s;(r5)
Dirty Old Town;;;;https://www.youtube.com/watch?v=egv3p9NTFI8&list=PLyEOrXN4p89Qbx8U4VSuW6T587EewGypB&index=27&t=0s;
Do It With Style;;cp;Do%20It%20With%20Style.pdf;https://www.youtube.com/watch?v=wyH5l_-c18g|https://www.youtube.com/watch?v=FxeUaO5ljPc&t=2s;(r4)
Doctor Doctor;r;p;Doctor%20Doctor.pdf;https://www.youtube.com/watch?v=Ps06sz-twB8;(r2t5)
Done;;cp;Done.pdf;https://www.youtube.com/watch?v=p7HcEqmYs20|https://www.youtube.com/watch?v=e85fO_-5sKA&t=40s;(r4,9)
Done For Me;;cp;Done%20For%20Me%20Ez.pdf;https://www.youtube.com/watch?v=WHAmMS98SuQ&list=PLyEOrXN4p89TQj6chNGK9A8v-_gwfalRv&index=19&t=0s;
Double Devil;r;p;Double_Devil.pdf;https://www.youtube.com/watch?v=fhDf49pexrg;(r2,r4)
Drink Drank Drunk;a;p;Drink%20Drank%20Drunk.pdf;https://www.youtube.com/watch?v=OkFUu4QkYH4&t=213s;(tag 6 comptes en fin de mur 2)
Dust;;pc;Dust.pdf;https://www.youtube.com/watch?v=nre00KINGmg;(r4)
Easy Come Easy Go;;cp;Easy%20Come%20Easy%20Go.pdf;https://www.youtube.com/watch?v=3T4n1dtQyhA&list=PLyEOrXN4p89TQj6chNGK9A8v-_gwfalRv&index=20&t=0s;
Easy Dance;;cp;;https://www.youtube.com/watch?v=I1WQ2gBNDb8&fbclid=IwAR1titfj2Gg7bC0ezGLOjc-7eoj4L2rhoCQtJHAdK-UJDXpbN7l33PV31j8;(ntnr)
Elizabeth;r;p;Elizabeth.pdf;https://www.youtube.com/watch?v=UfMjPj9CI4g&t=97s;(ntnr);Elizabeth - Hickman-Dalton Gang
Enjoy The Night;;c;;https://www.youtube.com/watch?v=RAkZ8uU9myQ;
Eyes On You;;pc;Eyes%20On%20You.pdf;https://www.youtube.com/watch?v=ZtHGbz5hj9A&t=60s;(r3t5t8)
Fais Dodo;;p;Fais%20Dodo.pdf;https://www.youtube.com/watch?v=xxg52vzwB6Q&list=PLyEOrXN4p89TQj6chNGK9A8v-_gwfalRv&index=21&t=0s;
Faithful Soul;m;p;Faithful%20Soul.pdf;https://www.youtube.com/watch?v=Op_CMHevItw;;"Faith's Song" by Celtic Woman
Family Affair;;;;https://www.youtube.com/watch?v=pb5ApuCeAjA&list=PLyEOrXN4p89Qbx8U4VSuW6T587EewGypB&index=32&t=114s;
Fields Of Athenry;;;Fields%20Of%20Athenry.pdf;https://www.youtube.com/watch?v=A64Q1WNJhvA;
Fingers Crossed;ir;pc;Fingers_Crossed.pdf;https://www.youtube.com/watch?v=rwkJkjDDioE|https://www.youtube.com/watch?v=xTx42L8aY4E|https://www.youtube.com/watch?v=DaGFRDdd7go&t=6s;(t3: suite de kicks)
Fish In The Sea;dr;;:https://www.youtube.com/watch?v=-IIkAIM7-U8;
Floor It;;;Floor%20It.pdf;https://www.youtube.com/watch?v=pNVQR-HzzIw;
For Barbara;;cp;For%20Barbara.pdf;https://www.youtube.com/watch?v=kXYTEWn4dvc&list=PLyEOrXN4p89TQj6chNGK9A8v-_gwfalRv&index=22&t=0s;
Free & easy;;;;https://www.youtube.com/watch?v=X_TEkt5y9cE;
Fresh;;cp;;https://www.youtube.com/watch?v=bBS5VDhi7GI&list=PLyEOrXN4p89TQj6chNGK9A8v-_gwfalRv&index=23&t=63s;
Get Wild;;p;;https://www.youtube.com/watch?v=NBsXalq--Zc&list=PLyEOrXN4p89TQj6chNGK9A8v-_gwfalRv&index=24&t=22s;
Ghost Town;;p;;https://www.youtube.com/watch?v=kddUHJvJoig|https://www.youtube.com/watch?v=xClTUeZYnz0&t=224s;(r12)
Giant;;;;https://www.youtube.com/watch?v=wrVTo2FYHPc&list=PLyEOrXN4p89Qbx8U4VSuW6T587EewGypB&index=36&t=0s;
Give Me Shivers;;p;;https://www.youtube.com/watch?v=vDjbnO1bTjs;(r2,5)
Give Me Shivers EZ;;;;https://www.youtube.com/watch?v=aH4pqYJEdwo&t=429s;(r2, r5)
Go Cat Go;d;p;Go%20Cat%20Go.pdf;https://www.youtube.com/watch?v=in_aRPXqDzU;(ntnr)
Going Going Gone;r;p;Going%20Going%20Gone.pdf;https://www.youtube.com/watch?v=nhbR-EkC5OE;(t1c,T2l,t3c)
Gone West;;cp;Gone%20West.pdf;https://www.youtube.com/watch?v=JzFH9m9Y89w&list=PLyEOrXN4p89TQj6chNGK9A8v-_gwfalRv&index=25&t=19s;(t3,t6)
Good Night Out;;pc;;https://www.youtube.com/watch?v=4Vv_bhvUhn8;
Good Vibes;;cp;Good%20Vibes.pdf;https://www.youtube.com/watch?v=dm1AH6RsusI&list=PLyEOrXN4p89TQj6chNGK9A8v-_gwfalRv&index=26&t=0s;
Green Green Grass Of Home;;;;https://www.youtube.com/watch?v=pI4KEZM0REA&list=PLyEOrXN4p89Qbx8U4VSuW6T587EewGypB&index=40&t=0s;
Groovy Love;;p;;https://www.youtube.com/watch?v=usPu7OsGyPo&list=PLyEOrXN4p89TQj6chNGK9A8v-_gwfalRv&index=27&t=6s;
Half A Cha;;cp;Half%20A%20Cha.pdf;https://www.youtube.com/watch?v=hX4hSJDpBGg&list=PLyEOrXN4p89TQj6chNGK9A8v-_gwfalRv&index=28&t=0s;
Hasta Luego;;;;https://www.youtube.com/watch?v=hTnBR2O0kNc&list=PLyEOrXN4p89Qbx8U4VSuW6T587EewGypB&index=43&t=31s;
Heaven's Got A Dirt Road;;;;https://www.youtube.com/watch?v=hcNY-hN6hR8;
Here We Go;r;p;Here_We_Go.pdf;https://www.youtube.com/watch?v=HVdynvYp5Ms;(tag 4c sur mur 1, R5, r6);Here I Go (feat. Jason Dering) - Wildflowers
Highway To Hell;m;;;;;
Hillbilly Girl;rd;p;;https://www.youtube.com/watch?v=KX_0ug6h7Tg;(ntnr)
Hola;;cp;Hola.pdf;https://www.youtube.com/watch?v=L_1QNGV9V4w;(ntnr);Hola
Holding On To Love;;p;Holding%20On%20To%20Love.pdf;https://www.youtube.com/watch?v=ji3H8wq1Ewk;(r2t4r6)
Home By Bearna;;cp;Home%20By%20Bearna.pdf;https://www.youtube.com/watch?v=-9_SO-m0TOU;
Home To Louisiana;;cp;Home%20To%20Louisiana.pdf;https://www.youtube.com/watch?v=9ts7PfR4hwY&t=12s;
Honky Tonk Way;r;cp;Honky_Tonk_Way.pdf;https://www.youtube.com/watch?v=SGZy_5B87qA|https://www.youtube.com/watch?v=EgSWm6eKSF8;(t12)
Hooked On Country;;p;Hooked_On_Country.pdf;https://www.youtube.com/watch?v=PGkUVggTO5w;;"Hooked On Country" Atlanta Pop Orchestra
Hypnosis;ar;p;Hypnopsis.pdf;https://www.youtube.com/watch?v=7n4IxMnY_sk;r4 à face 3h
I Got A Woman;;cp;I%20Go%20A%20Woman.pdf;https://www.youtube.com/watch?v=9Fie8IEVOeo&list=PLyEOrXN4p89TQj6chNGK9A8v-_gwfalRv&index=29&t=7s;
I Got This Too;;;;https://www.youtube.com/watch?v=6GYIDp2YXsU&list=PLyEOrXN4p89Qbx8U4VSuW6T587EewGypB&index=47&t=212s;
I'm Alive;;p;I_m_Alive.pdf;https://www.youtube.com/watch?v=jCs6M7-uugk;;Céline Dion
I'm On My Way;;;;https://www.youtube.com/watch?v=1CkKlBjjMMA|https://www.youtube.com/watch?v=sHdWzXz2-wo&t=0s;(ntnr)
Impossible Love;ir;pc;Impossible_Love.pdf;https://www.youtube.com/watch?v=PXq34I7yvK0;(r3, r6);
Indian Song;;cp;Indian%20Sound.pdf;https://www.youtube.com/watch?v=lGACy7hVpMw;(t2t6)
Intoxicating;;;Intoxicating.pdf;https://www.youtube.com/watch?v=pg9Tcldllsg;
In The Morning Sun;;cp;;https://www.youtube.com/watch?v=m1yox1_zCK0|https://www.youtube.com/watch?v=oiH-ikpx1QE;(r2)
Irish Stew;r;p;Irish_Stew.pdf;https://www.youtube.com/watch?v=agGKW1LxjvA&list=PLyEOrXN4p89TQj6chNGK9A8v-_gwfalRv&index=30&t=6s;(ntnr);Irish Stew de Sham Rock
Island In The Stream;;;;https://www.youtube.com/watch?v=dSAYCvW_Pw4
Jambalaya;;p;Jambalaya.pdf;https://www.youtube.com/watch?v=pZCO-Knc7hE&list=PLyEOrXN4p89TQj6chNGK9A8v-_gwfalRv&index=31&t=8s;(ntnr)
Jerusalema;;cp;;https://www.youtube.com/watch?v=vqxeMMAgatw|https://www.youtube.com/watch?v=vqxeMMAgatw;
Jingle My Bells;;cp;Jingle%20My%20Bells.pdf;https://www.youtube.com/watch?v=txrCpcVjwuo&list=PLyEOrXN4p89TQj6chNGK9A8v-_gwfalRv&index=32&t=0s;
John Henry;w;;Jhon_Henry.pdf;https://www.youtube.com/watch?v=xZj-zz35t-g;(r2, r7);John Henry de Blue Water Highway
Just For Grins;i;cp;Just_For_Grins.pdf;https://www.youtube.com/watch?v=TfBNg_b0ADM;(ntnr)
K is For Kicks;;cp;K%20Is%20For%20Kicks.pdf;https://www.youtube.com/watch?v=AqScRRhoLf4&list=PLyEOrXN4p89TQj6chNGK9A8v-_gwfalRv&index=34&t=8s;
Kesi;w;p;;https://www.youtube.com/watch?v=3hOrq76H65w;(ntnr);KESI Camilo & Shawn Mendes
Knock Off;ar;p;Knock_Off.pdf;https://www.youtube.com/watch?v=p-W6sS4p-U8; (r3 après 16 comptes faire 1/4 pour revenir à 12:00. r4 qui débute à 12:00, après 32 comptes, face à 12:00 
Katchi;;p;;https://www.youtube.com/watch?v=hVkACcsUHvo&list=PLyEOrXN4p89TQj6chNGK9A8v-_gwfalRv&index=33&t=0s;
La Cucaracha;;pc;;https://www.youtube.com/watch?v=4zvRsodVGos&t=191s;
La Cucaracha (en couple);r;pc;;https://www.youtube.com/watch?v=5i1my0cY2zw;
La Fiesta Cubana;;c;La%20Fiesta%20Cubana.pdf;https://www.youtube.com/watch?v=eeYH71zxcjk;
Lay Around;;cp;Lay%20Around.pdf;https://www.youtube.com/watch?v=MdwygsS2Buc&list=PLyEOrXN4p89TQj6chNGK9A8v-_gwfalRv&index=35&t=0s;
Let To Dance The Country;;;;https://www.youtube.com/watch?v=8jX4MHHWXAE;
Like I Love Country Music;r;;Like_I_Love_Country_Music.pdf;https://www.youtube.com/watch?v=92HYfQi2_aQ;(t5, break 7);"Like I Love Country Music" de Kane BROWN
Like I Love You;;p;Lily.pdf;https://www.youtube.com/watch?v=dsy40otYG0k;(t5)
Limbo;m;;;https://www.youtube.com/watch?v=H-rnYJk8UjM;;Limbo -- Daddy Yankee
Lindi Shuffle;d;cp;Lindy%20Shuffle.pdf;https://www.youtube.com/watch?v=GoNpXAbqFIY&t=85s;
Little Wagon Wheel;;;;https://www.youtube.com/watch?v=m3h6Nr1Smw0;
Live Laugh Love;;p;;https://www.youtube.com/watch?v=WlgXjvGeZN8|https://www.youtube.com/watch?v=i5vv4oRtvNc;
Legend;;p;;https://www.youtube.com/watch?v=QGLP4ELVu0o&list=PLyEOrXN4p89Qbx8U4VSuW6T587EewGypB&index=54&t=55s;
Lento;;p;Lento.pdf;https://www.youtube.com/watch?v=XZfAFEYLUP8&list=PLyEOrXN4p89TQj6chNGK9A8v-_gwfalRv&index=36&t=0s;
Locash;i;pc;Locash.pdf;https://www.youtube.com/watch?v=7NoaDnfAp9s;(t4,8)
Lonely drum;;;;https://www.youtube.com/watch?v=hBhW_phpGzk&t=12s; un tag facile
Lord Of The Dance;;cp;Lord%20Of%20The%20Dance.pdf;https://www.youtube.com/watch?v=c8se50YCHtw&list=PLyEOrXN4p89TQj6chNGK9A8v-_gwfalRv&index=37&t=7s;
Love ain't;;pc;;https://www.youtube.com/watch?v=ZW7LPFXqNUE;
Love Is A Cowboy;r;p;Love_Is_A_Cowboy.pdf;https://www.youtube.com/watch?v=fI2NlGsn_cM;(ntnr);Love Is A Cowboy - Kelsea Ballerini 
Love Me Like You;;c;Love%20Me%20Like%20You.pdf;https://www.youtube.com/watch?v=ORtzIeJ5S6s&list=PLyEOrXN4p89Qbx8U4VSuW6T587EewGypB&index=57&t=41s;
Lucky Lips;dr;p;Lucky_Lips.pdf;https://www.youtube.com/watch?v=uJv5F4AY8Ac;(ntnr);Lucky Lips - The Conquerors
Lullaby Waltz;;c;Lullaby%20Waltz.pdf;https://www.youtube.com/watch?v=qPxz6OtRt0o&t=18s;
Majestic;;p;;https://www.youtube.com/watch?v=XRGrnDZEhFw&list=PLyEOrXN4p89TQj6chNGK9A8v-_gwfalRv&index=38&t=15s;(ntnr)
Make It;r;p;Make_It.pdf;https://www.youtube.com/watch?v=ke-Mdjp5X4U&t=8s;(t6);
Make No Promises;;;;https://www.youtube.com/watch?v=D6I_VzCF8aE&list=PLyEOrXN4p89Qbx8U4VSuW6T587EewGypB&index=59&t=110s;
Mama And Me;r;;;https://www.youtube.com/watch?v=uodntdY5HYg&t=557s;3 tags différents
Mamma Maria;;cp;Mamma%20Maria.pdf;https://www.youtube.com/watch?v=NHO80qOpBxk&list=PLyEOrXN4p89TQj6chNGK9A8v-_gwfalRv&index=39&t=9s;
Mambo No5;;p;Mary%20Mary.pdf;https://www.youtube.com/watch?v=Pmc-RBTRl9c&list=PLyEOrXN4p89TQj6chNGK9A8v-_gwfalRv&index=40&t=168s;
Mary Mary;;p;;https://www.youtube.com/watch?v=LYBFTHETXU4&list=PLyEOrXN4p89TQj6chNGK9A8v-_gwfalRv&index=41&t=0s;
Mind Up;;;;https://www.youtube.com/watch?v=QyDGWdEXIi8&list=PLyEOrXN4p89Qbx8U4VSuW6T587EewGypB&index=63&t=105s;
Misfit;;cp;;https://www.youtube.com/watch?v=ZBE0m9n6q4g&list=PLyEOrXN4p89TQj6chNGK9A8v-_gwfalRv&index=42&t=0s;
Mishnock Slide;;cp;;https://www.youtube.com/watch?v=1fe5WTFqo7k&list=PLyEOrXN4p89TQj6chNGK9A8v-_gwfalRv&index=43&t=0s;
Modern Romance;;;;https://www.youtube.com/watch?v=rY-DEA-wzVI
Money In My Pocket;;p;Money%20In%20My%20Pocket.pdf;https://www.youtube.com/watch?v=4SuBQOgM31w;(r1, r3)
My Angel And Me;;;;https://www.youtube.com/watch?v=LsdF8jSqoNc&list=PLyEOrXN4p89Qbx8U4VSuW6T587EewGypB&index=66&t=93s;
My Bestie;;p;My%20Bestie.pdf;https://www.youtube.com/watch?fbclid=IwAR3jNjQBPgVsK0aZ3wEqEXAZT-PWgGoJTPKm77ZpOtsNXO_kmiomK-2J3M8&v=eOF63cOm6I4;(tag 1,3,4,6long)
My Bestie Baby;;c;My%20Bestie%20Baby.pdf;https://www.youtube.com/watch?v=ZSAL0yxWGQ8;(1,3,4,6)
My Wave;;cp;My%20Wave.pdf;https://www.youtube.com/watch?v=-1hvN8540vs&list=PLyEOrXN4p89TQj6chNGK9A8v-_gwfalRv&index=44&t=76s;
Nancy Mulligan;;p;;https://www.youtube.com/watch?v=TAl0jI7ugdY&list=PLyEOrXN4p89TQj6chNGK9A8v-_gwfalRv&index=45&t=7s;
No Last Call;;p;No_Last_Call.pdf;https://www.youtube.com/watch?v=cqniP10BqMA;(r3, r7)
No Lo Trates, No;;p;No%20Lo%20Trates%20No.pdf;https://www.youtube.com/watch?v=MIgi9xh2fMA&fbclid=IwAR3cPulCzTKOZQBzzomstf0Gm0YEHTDXGcDE29zayKQBXxQQtWt99xvUF44;
Nothing But You;;p;Nothing%20But%20You.pdf;https://www.youtube.com/watch?v=aFdKyX4Kx_s&list=PLyEOrXN4p89TQj6chNGK9A8v-_gwfalRv&index=46&t=112s;(r5)
Oceans Will Climb;;cp;Oceans%20Will%20Climb.pdf;https://www.youtube.com/watch?v=779j71KLT7o;(ntnr)
Oh Me Oh My Oh;;p;Oh%20Me%20Oh%20My%20Oh.pdf;https://www.youtube.com/watch?v=AzfgZHX-iHU&list=PLyEOrXN4p89TQj6chNGK9A8v-_gwfalRv&index=47&t=196s;
On A Roll;;;;https://www.youtube.com/watch?v=ShinX6QIJtc&list=PLyEOrXN4p89Qbx8U4VSuW6T587EewGypB&index=72&t=247s;
On The Waves;;;On_The_Waves.pdf;https://www.youtube.com/watch?v=pjYdV2amJRk;(ntnr);Walking On The Wave de Shane Owens
One Last Shot;dr;;One_Last_Shot.pdf;https://www.youtube.com/watch?v=qB3t9nCl_sE;(ntnr);One las shot - Michael Daniels
One Life, One Love;;;;https://www.youtube.com/watch?v=uVjyfKGC7XY&list=PLyEOrXN4p89Qbx8U4VSuW6T587EewGypB&index=73&t=54s;;Don't Let This Feeling Fade
Over The Moon;;cp;Over%20the%20moon.pdf;https://www.youtube.com/watch?v=nsWRlQ_kYc4&list=PLyEOrXN4p89TQj6chNGK9A8v-_gwfalRv&index=48&t=8s;
Paris Tennesee;;c;Paris%20Tennesee.pdf;https://www.youtube.com/watch?v=ynxGOdZPYrk;
Peppermint Twist;i;pc;Peppermint%20Twist.pdf;https://www.youtube.com/watch?v=q8jJ522vXqQ;(ntnr)
Pick Her Up;;p;Pick%20Her%20Up.pdf;https://www.youtube.com/watch?v=iL0gK4_35ts|https://www.youtube.com/watch?v=1NpHcNyjCYo;(r5)
Playboys;ir;pc;Playboys.pdf;https://www.youtube.com/watch?v=d1IRBzyN85c;(r3t4r5r6r10) Départ step D, Shuffle D, rock step diag avant
Please Dance With Me;;p;;https://www.youtube.com/watch?v=6SvInrrrvKA|https://www.youtube.com/watch?v=E6xpVsz_e78;(t4,t8,r9)
Poeple Break;;cp;People%20Break.pdf;https://www.youtube.com/watch?v=lzIletzXA1Q&t=249s;(r3)
Polka Dot;;p;;https://www.youtube.com/watch?v=MDVnAboaRMg&list=PLyEOrXN4p89Ry1hEl0gaDTP_wYWcjnLKn&index=8;
Power Over Me;;p;;https://www.youtube.com/watch?v=i4EiGFMsl9U&list=PLyEOrXN4p89TQj6chNGK9A8v-_gwfalRv&index=49&t=6s;
Pretty Girl;;cp;Pretty%20Girl.pdf;https://www.youtube.com/watch?v=69BRRXdBgoQ|https://www.youtube.com/watch?v=SEOzOw7BuOw;(r2r4r6r9);Pretty Girl
Raised Like That;ar;p;Raised%20Like%20That.pdf;https://www.youtube.com/watch?v=_NFUvWDfyZE;(r8)
Rampampam;r;p;Rampampam.pdf;https://www.youtube.com/watch?v=qu0bgnyNBDc;(ntnr);Rampampam - Minelli
Ready To Roll;;;;https://www.youtube.com/watch?v=uTZycEugf4I;
Reason To Stay;;c;Reason%20To%20Stay.pdf;https://www.youtube.com/watch?v=81sv-Zo0RLI;
Redneck Woman;;cp;Redneck%20Woman.pdf;https://www.youtube.com/watch?v=0QIP4f05ghE;
Reflection;;;;https://www.youtube.com/watch?v=eIHMQgWuSgo;
Remember D.;;;;https://www.youtube.com/watch?v=A9i4_JAp0g0;
Remember This;ir;pc;Remember_This.pdf;https://www.youtube.com/watch?v=PV3iapFky0o|https://www.youtube.com/watch?v=YoSg8Z-hf3k;(r2, r5)
Remember Us This Way;;p;;https://www.youtube.com/watch?v=xH0QZJvXkYg;
Revival;;p;;https://www.youtube.com/watch?v=hH01hzMbSxw&t=20s;(t2, r4, t6)
Rhyme Or Reason;;p;;https://www.youtube.com/watch?v=iNa-4MgIf-s;
Ride It;;p;Ride%20It.pdf;https://www.youtube.com/watch?v=5j7U1r7OQRg;
Ring Ding;;;Ring%20Ding.pdf;https://www.youtube.com/watch?v=UdZlGh-8uto|https://www.youtube.com/watch?v=eN7FIuyiZ_Q;(b5)
Road House Rock;;p;Road_House_Rock.pdf;https://www.youtube.com/watch?v=f647aql3x0M;(ntnr)
Rockin' around the Christmas tree;d;;;https://www.youtube.com/watch?v=A8mHhFQ3q9Q;
Roller Coaster Ride;;p;Roller%20Coaster%20Ride.pdf;https://www.youtube.com/watch?v=xI3KqTY0rnQ;
Rolling Stone;a;p;Rolling%20Stone.pdf;https://www.youtube.com/watch?v=qAct0ZZxyqU|https://www.youtube.com/watch?v=qAct0ZZxyqU;(ntnr)
Roots;;;Roots.pdf;https://www.youtube.com/watch?v=pkAraEV2Seg&list=PLyEOrXN4p89Qbx8U4VSuW6T587EewGypB&index=80&t=125s;
Rumba;;cp;;https://www.youtube.com/watch?v=W5vxdoRfi9k;
Sabor;;p;Sabor.pdf;https://www.youtube.com/watch?v=XOD12K3J5Q0;(r1, r6);Cuba (Tiene Sabor)
Same Boat;;cp;Same%20Boat.pdf;https://www.youtube.com/watch?v=qjbAzKQtgak;(t6)
Secrets;;pc;Secrets.pdf;https://www.youtube.com/watch?v=ivw76TfzlOY;(t2, r3)
See Ya Cecilia;;;;https://www.youtube.com/watch?v=BDfcoRFVlcg;
Senorita La La La;;cp;Senorita%20La%20La%20La.pdf;https://www.youtube.com/watch?v=JGE0k1jWMIg&list=PLyEOrXN4p89TQj6chNGK9A8v-_gwfalRv&index=52&t=52s;(tr7)
Sexy Eyes;;;;https://www.youtube.com/watch?fbclid=IwAR1c3b4MIxV8iDVlkbUh2gpOP-yCzrt6V3oYk-g-gxUwdyZpErO6z4esL2A&v=12g1cYxkC-4;
Siento Libre;;cp;Siento%20Libre.pdf;https://www.youtube.com/watch?v=CTIGeu9AvX4;
Shot Of Tequila;;p;;https://www.youtube.com/watch?v=YagnF8eKgao;
Simply The Best;;p;Simply%20The%20Best.pdf;https://www.youtube.com/watch?v=Q_euqZ0afB4|https://www.youtube.com/watch?v=khFo6N8XzRo&t=63s;(r4)
Spotlight;a;p;Spotlight.pdf;https://www.youtube.com/watch?v=-Gq0bClwn40;(ntnr)
Snap;;cp;;https://www.youtube.com/watch?v=f9DoXIA38sQ;
Some Beach;;c;;https://www.youtube.com/watch?v=my8QofIjuUk;
Some Kind Of Wonderful;;;;https://www.youtube.com/watch?v=wK3moB-uxYg;(r4)
Something You Love;;p;Something%20You%20Love.pdf;https://www.youtube.com/watch?v=gZHvCv3Zbpc&t=197s&fbclid=IwAR0q8t7tk-DI5thKsJrNNDnvt3GA4W2uaeGPSrwpKdhoP1oem-mqAqYvBFc;
Soul Shake;;p;;https://www.youtube.com/watch?v=pOqgK5Hlzxk;
Southern Dreams;;;;https://www.youtube.com/watch?v=_RM_BO2iTOs;
Southern Soul Bounce;dr;p;;https://www.youtube.com/watch?v=TYLuYT0gY6o;
Stand By Your Man;;pc;Stand_By_Your_Man.pdf;https://www.youtube.com/watch?v=JenaOACa-rI;(ntnr);Stand by Your Man - The Chicks
Station 4;ir;cp;Station_4.pdf;https://www.youtube.com/watch?v=6wqj-qKrqO8|https://www.youtube.com/watch?v=8plpO2D6Slo;(r5 face 9h, r7 face à 3h)
Stealing The Best;;cp;Stealing%20The%20Best.pdf;https://www.youtube.com/watch?v=j2imfdejk6A&t=20s;(ntnr);Dance Above The Rainbow by Ronan Hardiman
Stomp Down;;p;Stomp%20Down.pdf;https://www.youtube.com/watch?v=_DHd09-TnMc&fbclid=IwAR3HC1onrYXxAsY3df9Gfk0sQxDAQzRVMZUHdnoeLEZCYdEcaPcXPv3MLSg;
Storm And Stone;ar;p;Storm_Stone.pdf;https://www.youtube.com/watch?v=tQNotsq0-PM;(AB)*3 + A
Strong Bounds;;;;https://www.youtube.com/watch?v=KsVEIZQ4NUY
Summer Fly;;cp;Summer%20Fly.pdf;https://www.youtube.com/watch?v=BAWiLlui-bU;
Sunroof;d;;;https://www.youtube.com/watch?v=LvcnFRWbsEY;
Superstar;;cp;Superstar.pdf;https://www.youtube.com/watch?v=hIGfQPaKLCU;
Sweet Ireland;ar;p;Sweet_Ireland.pdf;https://www.youtube.com/watch?v=quNqXZfBZsw;(intro 32 temps et tag mur3);
Take Me Home;;cp;;https://www.youtube.com/watch?v=bCHlJNXxWeg;
Tick Tock;r;p;Tick%20Tock.pdf;https://www.youtube.com/watch?v=Sp4AxYWk6Fg;(t1,r2,t4,r5,r7,r9)
Teenage Dreams;;cp;Teenage%20Dreams.pdf;https://www.youtube.com/watch?v=JbqvBNgn1fo;
Texas Time;;;;https://www.youtube.com/watch?v=2lCcQYqsQdE;
TH Guest Ranch;;;;https://www.youtube.com/watch?v=3cqj2zvyZWY;
The Banks Of The Roses;;p;The_Banks_Of_The_Roses.pdf;https://www.youtube.com/watch?v=vwgDTszG_Ts;ABC/A/ACBC/A/AC/AC/A/AC/AC/final;The Banks Of The Roses
The Blarney Roses;m;;;https://www.youtube.com/watch?v=40hR7vbdDTg;;"The Blarney Roses" by The Willoughby Brothers
The Break;;p;;https://www.youtube.com/watch?v=ZCUPpspXPZM;
The Captain;wr;p;The_Captain.pdf;https://www.youtube.com/watch?v=GPAoiZwb0mM;(ntnr)
The Ghost of You;;p;;https://www.youtube.com/watch?v=0WU1jsPjcwM;
The Harvester;;cp;The%20Harvester.pdf;https://www.youtube.com/watch?v=T3QAw7Xrqw8|https://www.youtube.com/watch?v=uaJLUjyHyHk;(r5)
The Island;;p;The%20Island.pdf;https://www.youtube.com/watch?v=bBlXhTHto6s;(ntnr)
The Little Farmer;;cp;The%20Little%20Farmer.pdf;https://www.youtube.com/watch?v=vnmFmGJvB6A;(r7)
The Outback;;pc;The_Outback.pdf;https://www.youtube.com/watch?v=5otJpmSlepY;(ntnr);The Outback Club (Lee Kernaghan)
The Picture;;cp;The%20Picture.pdf;https://www.youtube.com/watch?v=p0cIEIh_354&t=90s;(r4)
The South;;p;;https://www.youtube.com/watch?v=ctQwIjrEex0;(r2)
The Sphinx;w;;The_Sphinx.pdf;https://www.youtube.com/watch?v=tY5XQjFZlQE;A B A B Tag C C B A B B*(24 counts) C ( last 16 counts) C B A A (8 counts);Medellín (Offer Nissim Madame X In The Sphinx Mix) (2022 Remaster)
The Violin;;;;https://www.youtube.com/watch?v=lwRp9_9rOck;
Thelma and Louise;wr;p;Thelma_Louise.pdf;https://www.youtube.com/watch?v=kVFsSnriQnc|https://www.youtube.com/watch?v=_mRAS-9J40o;(t1, t4);Thelma And Louise de Anna BERGENDAHL
These Old Boots;;p;These_Old_Boots.pdf;https://www.youtube.com/watch?v=D3FywNkCXoA&t=63s;(ntnr)
Things;;p;;https://www.youtube.com/watch?v=l4FqPdSbh8s&t=130;(ntnr)
Thinking Whiskey;;;Thinling_Whiskey.pdf;https://www.youtube.com/watch?v=spMzryn9HgI|https://www.youtube.com/watch?v=d1fy8ENkJRs;(rt4, r2, r6, t7)
Tick Tock;;;Tick%20Tock.pdf;https://www.youtube.com/watch?v=Sp4AxYWk6Fg;
Til The Neons Gone;i;cp;Til_The_Neons_Gone.pdf;https://www.youtube.com/watch?v=lYcnQraO0z8;(r9)
Til You Can't;a;p;Til%20You%20Cant.pdf;https://www.youtube.com/watch?v=226wu11_XAk;(tr4)
Toe To Toe;d;;;https://www.youtube.com/watch?v=vVh_2xxeb1;
Too Many Love Song;rd;p;Too_Many_Love_Song.pdf;https://www.youtube.com/watch?v=7veFY0WIAO8;(r3);Too many love songs - Maggie Rose
Toot Toot;;cp;;https://www.youtube.com/watch?v=WisegehYwXY;(t2,5,8)
Tourist;ar;p;Tourist.pdf;https://www.youtube.com/watch?v=SGJ37Xx_oyU;(t2, t4, tr5 avec step 1/2t touch)
Train Wreck;;;Train_Wreck.pdf;https://www.youtube.com/watch?v=cY0KdNt6FVU;(t1,t3,t7);"Can't Let Go" by Jill King
Turning Tables;;;Turning%20Tables.pdf;https://www.youtube.com/watch?v=fgFumhoEC9A;
Tush Push;;c;Tush%20Push.pdf;https://www.youtube.com/watch?v=wzLP15d-RTs;
Twist And Shake;dr;p;Twist_And_Shake.pdf;https://www.youtube.com/watch?v=sdfmg-EAG7k&t=142s;(ntnr)
Ultra Debutant;;cp;Ultra%20Debutant.pdf;https://www.youtube.com/watch?v=LtD6vZHgyKg;
Vanotek Cha;;;;https://www.youtube.com/watch?v=fZpKI8LFyJw;
Veneno;;cp;Veneno.pdf;https://www.youtube.com/watch?v=21I_JnZeBdc;(r4)
Wanna Getcha;;cp;Wanna%20Getcha.pdf;https://www.youtube.com/watch?v=1BfIj0gycbY;(3,4)
Wannabes;r;pc;;https://www.youtube.com/watch?v=X--14yTyw3U;(ntnr)
Wayfaring Stranger;;cp;Wayfaring%20Stranger.pdf;https://www.youtube.com/watch?v=y94VlW2ZHKg;
Wellerman;;;Wellerman.pdf;https://www.youtube.com/watch?v=WuTmKN-Rcgc;
We're Good To Go;;pc;We_re_Good_To_Go.pdf;https://www.youtube.com/watch?v=46mcOlXIbSQ;(r6);Good to Go (feat. Daphne Willis)
Where Oh Where;i;pc;Where_Oh_Where.pdf;https://www.youtube.com/watch?v=Uq31NHLlzc8;
Whole Again;;p;Whole_Again.pdf;https://www.youtube.com/watch?v=vzEkQOvghJY;
Wild Stallion;;p;Wild%20Stallion.pdf;https://www.youtube.com/watch?v=YFfpZfiJLIA;
Wintergreen;ar;p;Wintergreen.pdf;https://www.youtube.com/watch?v=gmGF6SryCbY;(r2)
Woman Amen;;p;Woman%20Amen.pdf;https://www.youtube.com/watch?v=UqvdkR86flE;(r2)
Wonder;;;;https://www.youtube.com/watch?fbclid=IwAR2h8wkU7IZbz_HBIJarVR7Npcn0oe6eA5YnJcNMkqjYLRHCTtmeTOJ-xOs&v=2wn-fNMNalM&feature=youtu.be;
Won't you dance with me;r;cp;Wont%20You%20Dance%20With%20Me.pdf;https://www.youtube.com/watch?v=NQqWUP5YlQI;(ntnr)
WWW.West;;p;;https://www.youtube.com/watch?v=pW5eBdMjnJI;
You Are The Reason Baby;;p;You%20Are%20The%20Reason%20Baby.pdf;https://www.youtube.com/watch?v=K_xbq8TgREg;
You Can Hear A Heart Break;;p;You%20Can%20Hear%20A%20Heart%20Break.pdf;https://www.youtube.com/watch?v=V658bxmVtJA;(ntnr)
Young Volcanoes;a;p;Young%20Volcanoes.pdf;https://www.youtube.com/watch?v=vcJ0eRpbaIc;(ntnr)
1-2 Snap;nwr;p;1_2_Snap.pdf;https://www.youtube.com/watch?v=v58rwFkJP-k;A, Tag 1, B, Tag 2, A, B, A, Tag 1, B, A;SNAP - Rosa Linn
1+1;;p;1plus1.pdf;https://www.youtube.com/watch?v=68OsNQUv4sM|https://www.youtube.com/watch?v=LGrrGvTb6gc;(ntnr)
1929;;p;1929.pdf;https://www.youtube.com/watch?v=xdUSysDJaas;
2 Stepping Away;ir;pc;2_Stepping_Away.pdf;https://www.youtube.com/watch?v=-0pc9lIXRhY|https://www.youtube.com/watch?v=9Gzp53W9QXk;(r6 => step1/2, step1/4)
3 To Tango;;p;3%20To%20Tango.pdf;https://www.youtube.com/watch?v=G3GAZ6TZnv0;
